{"cameraMode":{"drawMode":0,"name":"Shaded","section":"Shading Mode"},"sceneLighting":false,"audioPlay":false,"sceneViewState":{"showFog":true,"showMaterialUpdate":false,"showSkybox":false,"showFlares":true,"showImageEffects":true,"showParticleSystems":true},"in2DMode":false,"pivot":{"x":10.028861999511719,"y":1.570199728012085,"z":14.987371444702149},"rotation":{"x":0.08725478500127793,"y":0.1786269098520279,"z":-0.015907656401395799,"w":0.9799112677574158},"size":13.3235445022583,"orthographic":false}