{"cameraMode":{"drawMode":0,"name":"Shaded","section":"Shading Mode"},"sceneLighting":false,"audioPlay":false,"sceneViewState":{"showFog":true,"showMaterialUpdate":false,"showSkybox":false,"showFlares":true,"showImageEffects":true,"showParticleSystems":true},"in2DMode":false,"pivot":{"x":0.28549087047576907,"y":1.0373976230621338,"z":15.020386695861817},"rotation":{"x":0.07103752344846726,"y":0.763997495174408,"z":-0.08539284765720368,"w":0.635586142539978},"size":20.725053787231447,"orthographic":false}