{"cameraMode":{"drawMode":0,"name":"Shaded","section":"Shading Mode"},"sceneLighting":false,"audioPlay":false,"sceneViewState":{"showFog":true,"showMaterialUpdate":false,"showSkybox":false,"showFlares":true,"showImageEffects":true,"showParticleSystems":true},"in2DMode":false,"pivot":{"x":2.200000286102295,"y":-0.07847976684570313,"z":-4.76837158203125e-7},"rotation":{"x":-0.20737707614898683,"y":0.7590696215629578,"z":-0.28858456015586855,"w":-0.5454604029655457},"size":19.79279136657715,"orthographic":false}