{"cameraMode":{"drawMode":0,"name":"Shaded","section":"Shading Mode"},"sceneLighting":false,"audioPlay":false,"sceneViewState":{"showFog":true,"showMaterialUpdate":false,"showSkybox":false,"showFlares":true,"showImageEffects":true,"showParticleSystems":true},"in2DMode":false,"pivot":{"x":0.006474912166595459,"y":4.405112266540527,"z":-0.05681884288787842},"rotation":{"x":-0.06575284153223038,"y":-0.9102297425270081,"z":0.15888024866580964,"w":-0.3767167329788208},"size":8.627699851989746,"orthographic":false}