{"cameraMode":{"drawMode":0,"name":"Shaded","section":"Shading Mode"},"sceneLighting":false,"audioPlay":false,"sceneViewState":{"showFog":true,"showMaterialUpdate":false,"showSkybox":false,"showFlares":true,"showImageEffects":true,"showParticleSystems":true},"in2DMode":false,"pivot":{"x":0.0,"y":2.2003002166748049,"z":-5.960464477539063e-8},"rotation":{"x":-0.20737707614898683,"y":0.7590696215629578,"z":-0.28858456015586855,"w":-0.5454604029655457},"size":3.6670048236846926,"orthographic":false}