{"cameraMode":{"drawMode":0,"name":"Shaded","section":"Shading Mode"},"sceneLighting":false,"audioPlay":false,"sceneViewState":{"showFog":true,"showMaterialUpdate":false,"showSkybox":false,"showFlares":true,"showImageEffects":true,"showParticleSystems":true},"in2DMode":false,"pivot":{"x":0.0,"y":1.8294068574905396,"z":-2.384185791015625e-7},"rotation":{"x":-0.03536936268210411,"y":-0.9603899717330933,"z":0.1439782679080963,"w":-0.23594574630260468},"size":10.305215835571289,"orthographic":false}