{"cameraMode":{"drawMode":0,"name":"Shaded","section":"Shading Mode"},"sceneLighting":false,"audioPlay":false,"sceneViewState":{"showFog":true,"showMaterialUpdate":false,"showSkybox":true,"showFlares":true,"showImageEffects":true,"showParticleSystems":true},"in2DMode":false,"pivot":{"x":1080.2083740234375,"y":1194.6607666015625,"z":300.0244140625},"rotation":{"x":-0.14879406988620759,"y":0.11159093677997589,"z":-0.01688026823103428,"w":-0.9824328422546387},"size":999.3710327148438,"orthographic":false}