{"cameraMode":{"drawMode":0,"name":"Shaded","section":"Shading Mode"},"sceneLighting":false,"audioPlay":false,"sceneViewState":{"showFog":true,"showMaterialUpdate":false,"showSkybox":false,"showFlares":true,"showImageEffects":true,"showParticleSystems":true},"in2DMode":false,"pivot":{"x":-0.00022339820861816406,"y":1.392648458480835,"z":0.0050928592681884769},"rotation":{"x":-0.08743472397327423,"y":0.5992434620857239,"z":-0.06606844067573548,"w":-0.7930336594581604},"size":1.2412631511688233,"orthographic":false}