{"cameraMode":{"drawMode":0,"name":"Shaded","section":"Shading Mode"},"sceneLighting":false,"audioPlay":false,"sceneViewState":{"showFog":true,"showMaterialUpdate":false,"showSkybox":false,"showFlares":true,"showImageEffects":true,"showParticleSystems":true},"in2DMode":false,"pivot":{"x":0.0007823705673217773,"y":0.5399707555770874,"z":-0.041923075914382938},"rotation":{"x":-0.08743472397327423,"y":0.5992434620857239,"z":-0.06606844067573548,"w":-0.7930336594581604},"size":0.9237897992134094,"orthographic":false}