{"cameraMode":{"drawMode":0,"name":"Shaded","section":"Shading Mode"},"sceneLighting":false,"audioPlay":false,"sceneViewState":{"showFog":true,"showMaterialUpdate":false,"showSkybox":false,"showFlares":true,"showImageEffects":true,"showParticleSystems":true},"in2DMode":false,"pivot":{"x":-0.05586230754852295,"y":0.9013508558273315,"z":0.3667333126068115},"rotation":{"x":-0.01700056530535221,"y":0.9795843362808228,"z":-0.177049919962883,"w":-0.09402916580438614},"size":1.8325304985046387,"orthographic":false}